No,カテゴリ,タイトル,想定キーワード,優先度,備考
1,G検定 概要,G検定とは？AIに詳しくない人でもわかる試験の全体像,G検定 とは,高,入門記事・最重要
2,G検定 概要,G検定の受験料・試験日程・申込方法【2026年最新版】,G検定 受験料 日程,高,年次更新で毎年リライトできる
3,G検定 概要,G検定の合格率・難易度を過去データから徹底分析,G検定 合格率 難易度,高,数字で差別化できる
4,G検定 概要,G検定の試験範囲・シラバスを分野別に解説,G検定 シラバス 試験範囲,高,改訂ごとにリライト可能
5,G検定 概要,G検定の試験形式・問題数・制限時間を徹底解説,G検定 問題数 形式,中,概要記事と統合も可
6,生成AIパスポート 概要,生成AIパスポートとは？AI初心者向けに試験の全体像を解説,生成AIパスポート とは,高,入門記事・最重要
7,生成AIパスポート 概要,生成AIパスポートの受験料・試験日程・申込方法【2026年最新版】,生成AIパスポート 受験料 日程,高,年次更新で毎年リライトできる
8,生成AIパスポート 概要,生成AIパスポートの合格率・難易度：75〜80%の意味を解説,生成AIパスポート 合格率 難易度,高,数字で差別化できる
9,生成AIパスポート 概要,生成AIパスポートのシラバス5章を分野別に解説,生成AIパスポート シラバス,高,改訂ごとにリライト可能
10,生成AIパスポート 概要,生成AIパスポートのシラバス改訂タイミングと注意点,生成AIパスポート シラバス 改訂,中,受験前に必ず読まれる記事
11,比較・選び方,G検定 vs 生成AIパスポート：どちらを先に受けるべきか判定チャート付き解説,G検定 生成AIパスポート 違い どっち,高,最も検索される比較記事
12,比較・選び方,G検定 vs ITパスポート：AI寄りの資格はどちらか？目的別おすすめ,G検定 ITパスポート 違い,高,競合が手薄なキーワード
13,比較・選び方,G検定 vs E資格：違いとキャリアパスの選び方,G検定 E資格 違い,中,G検定合格者の次の一手として需要あり
14,比較・選び方,生成AIパスポート vs ITパスポート：AI初心者はどちらから始めるべきか,生成AIパスポート ITパスポート 違い,中,初心者の検索意図に直撃
15,比較・選び方,AI資格一覧2026：難易度・費用・学習時間を徹底比較,AI資格 一覧 おすすめ,高,ハブ記事・内部リンクの起点
16,比較・選び方,AI資格は意味がない？取得価値を職種別に検証,AI資格 意味ない,高,否定キーワードは検索ボリューム大
17,比較・選び方,2026年に取るべきAI資格ランキング,AI資格 おすすめ 2026,高,年次更新で毎年リライトできる
18,G検定 勉強法,G検定の勉強法：文系・非エンジニアが合格するロードマップ,G検定 勉強法 文系,高,需要が最も多い勉強法記事
19,G検定 勉強法,G検定の勉強時間は何時間必要？レベル別の目安,G検定 勉強時間,高,受験決断前に必ず調べる
20,G検定 勉強法,G検定におすすめのテキスト・参考書【2026年版】,G検定 テキスト おすすめ,高,年次更新で毎年リライトできる
21,G検定 勉強法,G検定 社会人が働きながら合格するスケジュール管理術,G検定 社会人 勉強,中,ターゲットが明確で読まれやすい
22,G検定 勉強法,G検定の頻出用語50選：これだけ押さえれば合格に近づく,G検定 頻出 用語,高,一問一答への誘導導線になる
23,G検定 勉強法,G検定 直前1週間の最終仕上げ勉強法,G検定 直前 対策,中,模擬試験への誘導導線になる
24,生成AIパスポート 勉強法,生成AIパスポートの勉強法：最短20時間で合格するプラン,生成AIパスポート 勉強法,高,需要が最も多い勉強法記事
25,生成AIパスポート 勉強法,生成AIパスポートの勉強時間は何時間必要？レベル別の目安,生成AIパスポート 勉強時間,高,受験決断前に必ず調べる
26,生成AIパスポート 勉強法,生成AIパスポートにおすすめのテキスト・参考書【2026年版】,生成AIパスポート テキスト おすすめ,高,年次更新で毎年リライトできる
27,生成AIパスポート 勉強法,生成AIパスポートの頻出用語30選：これだけで合格ラインに乗る,生成AIパスポート 頻出 用語,高,一問一答への誘導導線になる
28,生成AIパスポート 勉強法,生成AIパスポート 直前3日間の最終仕上げ勉強法,生成AIパスポート 直前 対策,中,模擬試験への誘導導線になる
29,G検定 分野別解説,G検定「機械学習」分野の全要点と頻出問題,G検定 機械学習,中,分野別で検索する受験者に刺さる
30,G検定 分野別解説,G検定「ディープラーニング」分野の全要点と頻出問題,G検定 ディープラーニング,中,分野別で検索する受験者に刺さる
31,G検定 分野別解説,G検定「自然言語処理」分野の全要点と頻出問題,G検定 自然言語処理,中,分野別で検索する受験者に刺さる
32,G検定 分野別解説,G検定「AI倫理・法律」分野の全要点：個人情報保護法・著作権法,G検定 倫理 法律,中,法律改正時にリライト可能
33,G検定 分野別解説,G検定「数学・統計」分野の全要点：苦手な人向け解説,G検定 数学 統計 苦手,中,苦手意識で検索する層が一定数いる
34,G検定 分野別解説,G検定「AIの歴史」分野の全要点：年号と出来事の覚え方,G検定 AI 歴史,低,単体では検索ボリューム小・他記事に統合も可
35,生成AIパスポート 分野別解説,生成AIパスポート「プロンプトエンジニアリング」分野の全要点,生成AIパスポート プロンプト,中,実務との接点が多く読まれやすい
36,生成AIパスポート 分野別解説,生成AIパスポート「著作権・個人情報保護」分野の全要点,生成AIパスポート 著作権 個人情報,中,法律系は企業担当者にも需要あり
37,生成AIパスポート 分野別解説,生成AIパスポート「AI倫理・AI事業者ガイドライン」の要点まとめ,生成AIパスポート 倫理 ガイドライン,中,法改正時にリライト可能
38,用語解説,ハルシネーションとは？G検定・生成AIパスポートで問われる意味と対策,ハルシネーション とは,高,単体で検索ボリュームが大きいキーワード
39,用語解説,トークンとは？生成AIの仕組みとG検定での出題ポイント,トークン 生成AI とは,中,生成AI普及で検索増加中
40,用語解説,ファインチューニングとは？G検定での出題傾向と覚え方,ファインチューニング とは,中,ビジネス層にも認知が広がっている
41,用語解説,RAGとは？試験で問われるポイントをわかりやすく解説,RAG とは,高,検索ボリューム急増中のキーワード
42,用語解説,過学習・汎化とは？G検定頻出概念をわかりやすく解説,過学習 とは G検定,中,G検定の頻出中でも特に出やすい
43,用語解説,プロンプトインジェクションとは？生成AIパスポートでの出題傾向,プロンプトインジェクション とは,中,セキュリティ文脈でも検索される
44,用語解説,LLM（大規模言語モデル）とは？G検定での出題傾向,LLM とは 大規模言語モデル,高,生成AI文脈で検索ボリューム大
45,用語解説,AIガバナンスとは？法律・倫理分野の頻出概念を解説,AIガバナンス とは,中,法人担当者にも読まれる
46,対象者別,文系社会人がAI資格を取るなら何から始めるべきか,AI資格 文系 おすすめ,高,悩みが明確で転換率が高い
47,対象者別,大学生がG検定を取得するメリットと就活への活かし方,G検定 大学生 就活,中,就活シーズンに検索が増える
48,対象者別,営業職・企画職がAI資格を取るメリットと選び方,AI資格 営業 おすすめ,中,非エンジニア職の需要が増加中
49,対象者別,管理職・経営者がAI資格を取る意味はあるか,AI資格 管理職 経営者,中,法人記事との相乗効果あり
50,対象者別,エンジニアがAI資格を取るなら何がおすすめか,AI資格 エンジニア おすすめ,中,エンジニア層の検索需要は一定数ある
51,法人・企業向け,社員にG検定を取得させるメリットと費用対効果,G検定 法人 社員 取得,高,競合が最も手薄・ChatAI文脈とも親和性高
52,法人・企業向け,全社員に生成AIパスポートを取得させた企業の事例と進め方,生成AIパスポート 法人 全社員,高,意思決定者が検索するキーワード
53,法人・企業向け,社内AI資格取得制度の設計方法：補助・奨励金の作り方,AI資格 社内制度 補助金,高,検索ボリュームは少ないが転換率が高い
54,法人・企業向け,中小企業がAI資格取得を推進するための予算感と進め方,AI資格 中小企業,中,大企業向けより競合少ない
55,法人・企業向け,人事部門がAI資格取得支援制度を導入する手順,AI資格 人事 制度,中,人事担当者の検索意図に直撃
56,時事・トレンド,AI法施行後にAI資格の重要性はどう変わったか,AI法 資格 企業,高,法改正ニュースと連動して検索急増
57,時事・トレンド,ChatGPT・Claude時代にAI資格を取る意味はあるか,AI資格 意味 ChatGPT,高,「意味あるの？」という懐疑的検索に直撃
58,時事・トレンド,G検定2026年版シラバス改訂まとめ：変更点と対策,G検定 シラバス 改訂 2026,高,改訂のたびに検索が集中する
59,時事・トレンド,生成AIパスポート2026年版シラバス改訂まとめ,生成AIパスポート シラバス 改訂 2026,高,改訂のたびに検索が集中する
60,時事・トレンド,AIリテラシー教育の義務化はくるか？企業が今準備すべきこと,AIリテラシー 義務化 企業,中,法人担当者が読む政策系記事
61,合格・不合格対策,G検定に一発合格した人の勉強法まとめ【体験談10選】,G検定 合格 体験談,高,体験談は読了率が高くSEO評価も上がりやすい
62,合格・不合格対策,G検定に落ちた人の失敗パターンと次回合格への対策,G検定 落ちた 不合格,高,失敗キーワードは検索ボリュームが大きい
63,合格・不合格対策,生成AIパスポートに落ちた人の失敗パターンと対策,生成AIパスポート 落ちた 不合格,中,失敗キーワードは転換率が高い
64,合格・不合格対策,G検定よくある質問（FAQ）30選：受験前に必ず確認すべき疑問,G検定 よくある質問 FAQ,中,FAQ記事はロングテールキーワードを大量取得できる
65,合格・不合格対策,G検定の試験当日にやるべきこと・やってはいけないこと,G検定 当日 注意,中,受験直前に検索される高意欲ユーザー向け
66,資格取得後・キャリア,G検定合格後にE資格を目指すキャリアパスと学習ステップ,G検定 E資格 次,中,G検定合格者の次の検索に対応
67,資格取得後・キャリア,G検定合格後に年収は上がるか？転職市場の実態,G検定 年収 転職,高,転職意欲層には刺さる重要キーワード
68,資格取得後・キャリア,G検定・生成AIパスポートのダブル取得戦略と学習順序,G検定 生成AIパスポート 両方,中,両方取りたい層の検索意図に対応
69,資格取得後・キャリア,AI資格を履歴書・職務経歴書に書く方法と効果的な記載例,AI資格 履歴書 書き方,高,転職活動中の実務的な検索に直撃
70,資格取得後・キャリア,G検定合格者が社内で評価される動き方,G検定 合格後 社内 活用,中,合格後の「次に何をすべきか」という検索に対応
71,G検定 演習・過去問,G検定の過去問は公開されている？入手方法と注意点,G検定 過去問 公開,高,試験対策への導線・過去問SEO
72,G検定 演習・過去問,G検定の過去問想定問題で対策する方法,G検定 過去問 対策,高,試験対策3モードへのハブ記事
73,G検定 演習・過去問,G検定の模擬試験の使い方と復習方法,G検定 模擬試験 使い方,高,模擬試験ページへの導線
74,G検定 演習・過去問,G検定の一問一答は意味ある？,G検定 一問一答 意味,高,一問一答ページへの導線
